pallo,kirja,keksi,kello,pullo,kuva,marja,avain,puhelin,sanomalehti,kivi,kirje,kangas,taikasauva,hammasharja,korvakoru,mittanauha,vispilä,ruuvimeisseli,kampa,silitysrauta,tupakansytytin,ananas,jakoavain
pallo,kirja,keksi,kello,pullo,kuva,marja,avain,puhelin,sanomalehti,kivi,kirje,kangas,taikasauva,hammasharja,korvakoru,mittanauha,vispilä,ruuvimeisseli,kampa,silitysrauta,tupakansytytin,ananas,jakoavain
pallon,kirjan,keksin,kellon,pullon,kuvan,marjan,avaimen,puhelimen,sanomalehden,kiven,kirjeen,kankaan,taikasauvan,hammasharjan,korvakorun,mittanauhan,vispilän,ruuvimeisselin,kamman,silitysraudan,tupakansytyttimen,ananaksen,jakoavaimen
pallon,kirjan,keksin,kellon,pullon,kuvan,marjan,avaimen,puhelimen,sanomalehden,kiven,kirjeen,kankaan,taikasauvan,hammasharjan,korvakorun,mittanauhan,vispilän,ruuvimeisselin,kamman,silitysraudan,tupakansytyttimen,ananaksen,jakoavaimen
palloa,kirjaa,keksiä,kelloa,pulloa,kuvaa,marjaa,avainta,puhelinta,sanomalehteä,kiveä,kirjettä,kangasta,taikasauvaa,hammasharjaa,korvakorua,mittanauhaa,vispilää,ruuvimeisseliä,kampaa,silitysrautaa,tupakansytytintä,ananasta,jakoavainta
pallossa,kirjassa,keksissä,kellossa,pullossa,kuvassa,marjassa,avaimessa,puhelimessa,sanomalehdessä,kivessä,kirjeessä,kankaassa,taikasauvassa,hammasharjassa,korvakorussa,mittanauhassa,vispilässä,ruuvimeisselissä,kammassa,silitysraudassa,tupakansytyttimessä,ananaksessa,jakoavaimessa
pallosta,kirjasta,keksistä,kellosta,pullosta,kuvasta,marjasta,avaimesta,puhelimesta,sanomalehdestä,kivestä,kirjeestä,kankaasta,taikasauvasta,hammasharjasta,korvakorusta,mittanauhasta,vispilästä,ruuvimeisselistä,kammasta,silitysraudasta,tupakansytyttimestä,ananaksesta,jakoavaimesta
palloon,kirjaan,keksiin,kelloon,pulloon,kuvaan,marjaan,avaimeen,puhelimeen,sanomalehteen,kiveen,kirjeeseen,kankaaseen,taikasauvaan,hammasharjaan,korvakoruun,mittanauhaan,vispilään,ruuvimeisseliin,kampaan,silitysrautaan,tupakansytyttimeen,ananakseen,jakoavaimeen
pallolla,kirjalla,keksillä,kellolla,pullolla,kuvalla,marjalla,avaimella,puhelimella,sanomalehdellä,kivellä,kirjeellä,kankaalla,taikasauvalla,hammasharjalla,korvakorulla,mittanauhalla,vispilällä,ruuvimeisselillä,kammalla,silitysraudalla,tupakansytyttimellä,ananaksella,jakoavaimella
pallolta,kirjalta,keksiltä,kellolta,pullolta,kuvalta,marjalta,avaimelta,puhelimelta,sanomalehdeltä,kiveltä,kirjeeltä,kankaalta,taikasauvalta,hammasharjalta,korvakorulta,mittanauhalta,vispilältä,ruuvimeisseliltä,kammalta,silitysraudalta,tupakansytyttimeltä,ananakselta,jakoavaimelta
pallolle,kirjalle,keksille,kellolle,pullolle,kuvalle,marjalle,avaimelle,puhelimelle,sanomalehdelle,kivelle,kirjeelle,kankaalle,taikasauvalle,hammasharjalle,korvakorulle,mittanauhalle,vispilälle,ruuvimeisselille,kammalle,silitysraudalle,tupakansytyttimelle,ananakselle,jakoavaimelle
pallona,kirjana,keksinä,kellona,pullona,kuvana,marjana,avaimena,puhelimena,sanomalehtenä,kivenä,kirjeenä,kankaana,taikasauvana,hammasharjana,korvakoruna,mittanauhana,vispilänä,ruuvimeisselinä,kampana,silitysrautana,tupakansytyttimenä,ananaksena,jakoavaimena
palloksi,kirjaksi,keksiksi,kelloksi,pulloksi,kuvaksi,marjaksi,avaimeksi,puhelimeksi,sanomalehdeksi,kiveksi,kirjeeksi,kankaaksi,taikasauvaksi,hammasharjaksi,korvakoruksi,mittanauhaksi,vispiläksi,ruuvimeisseliksi,kammaksi,silitysraudaksi,tupakansytyttimeksi,ananakseksi,jakoavaimeksi
pallotta,kirjatta,keksittä,kellotta,pullotta,kuvatta,marjatta,avaimetta,puhelimetta,sanomalehdettä,kivettä,kirjeettä,kankaatta,taikasauvatta,hammasharjatta,korvakorutta,mittanauhatta,vispilättä,ruuvimeisselittä,kammatta,silitysraudatta,tupakansytyttimettä,ananaksetta,jakoavaimetta